<?xml version="1.0" encoding="ISO-8859-1"?>
<DebitMasivo>   
    <recordSize>5978</recordSize>
    
    <headerKeyName>REMESA</headerKeyName>
    <headerKeyStart>169</headerKeyStart>
    <headerKeyEnd>175</headerKeyEnd>
    <headerKeyQtyStart>181</headerKeyQtyStart>
    <headerKeyQtyEnd>187</headerKeyQtyEnd>
    
    
    <!-- Agrupador 1. Despu�s de agrupar por Remesa, agrupamos por sucursal. -->
    <groupByStart_1Name>SUCURSAL</groupByStart_1Name>
    <groupByStart_1>359</groupByStart_1>
    <groupByEnd_1>363</groupByEnd_1>
    
    
    <!-- Field 1. PAN, this is for exception purposes in the ACTION method. -->
    <field_1Name>PAN</field_1Name>
    <field_1Start>140</field_1Start>
    <field_1End>156</field_1End>
    
    
    <recordLimit>70</recordLimit>
    <extraRecords>10</extraRecords> <!-- This is only for configurations with mixes sucursales -->
</DebitMasivo>
        

