<?xml version="1.0" encoding="ISO-8859-1"?>
<DebitPerso>   
    <recordSize>5978</recordSize>
    
    <headerKeyName>REMESA</headerKeyName>
    <headerKeyStart>169</headerKeyStart>
    <headerKeyEnd>175</headerKeyEnd>
    <headerKeyQtyStart>181</headerKeyQtyStart>
    <headerKeyQtyEnd>187</headerKeyQtyEnd>
    
    
    <!-- Agrupador 1. Despu�s de agrupar por Remesa, agrupamos por sucursal. -->
    <groupByStart_1Name>SUCURSAL</groupByStart_1Name>
    <groupByStart_1>329</groupByStart_1>
    <groupByEnd_1>333</groupByEnd_1>
    
    <recordLimit>1000</recordLimit>
    <extraRecords>300</extraRecords> <!-- This is only for configurations with mixes sucursales -->
    <blockSize>59786000</blockSize> <!-- Size to split file -->
</DebitPerso>
        

